construct,deltaG,sequence,"(C,1)","(A,2)","(A,4)","(C,5)","(C,7)","(C,10)","(A,13)","(C,16)","(C,19)","(A,20)"
3330-CC-flank_1=cb11-DB,-8.9,GCAGACTCTTCGGAGTCTGCA,0.0017439832577607255,0.012905476107429368,0.013254272758981514,0.004185559818625741,0.010115102895012208,0.05824904080920823,0.010463899546564353,0.004883153121730032,0.009062391077030324,0.02858138724294179
3329-O-flank_1=cb11-DB,-8.9,GCAGACTCTTCGGAGTCTGCA,0.004812834224598931,0.016042780748663103,0.017112299465240642,0.00909090909090909,0.008556149732620321,0.0572192513368984,0.006417112299465241,0.004812834224598931,0.0037433155080213902,0.03529411764705882
3332-CC-flank_1=cb11-DB,-5.8,CAGACTCTTCGGAGTCTGC,0.007730962504831852,0.01507537688442211,0.014302280633938926,0.003865481252415926,0.009277155005798222,0.05141090065713181,0.010819165378670788,0.0034762456546929316,0.016222479721900347,
3331-O-flank_1=cb11-DB,-5.8,CAGACTCTTCGGAGTCTGC,0.004401204540189946,0.010887190178364606,0.015983321751216122,0.0046328468844104706,0.006949270326615705,0.06393328700486449,0.00857076673615937,0.005559416261292564,0.009726725335803613,
3333-O-flank_1=cb11-DB,-4.3,AGACTCTTCGGAGTCTG,,0.009744623655913979,0.013100436681222707,0.0050386294927779645,0.010749076251259657,0.05609674168626134,0.012760241773002015,0.006042296072507553,,
3335-O-flank_1=cb11-DB,-1.7,ACTCTTCGGAGTC,,,0.014794267221451687,0.009708737864077669,0.00785945446139621,0.061488673139158574,0.015256588072122053,0.012944983818770227,,
3336-O-flank_1=cb11-DB,-0.4,CTCTTCGGAGT,,,,0.04962095106822881,0.03514817367332874,0.05031013094417643,0.013783597518952447,,,
3340-O-flank_1=cb11-DB,0.0,TCG,,,,,,0.05944055944055944,,,,
3338-O-flank_1=cb11-DB,0.0,CTTCGGA,,,,,0.04731457800511509,0.12702472293265132,0.0443307757885763,,,
