construct,deltaG,sequence,"(C,0)","(C,4)","(C,5)","(C,6)","(A,7)","(A,10)","(C,11)","(A,16)","(A,18)","(C,20)"
3091-CC-flank_1=hp5-DB,-4.3,CTGTCCCATGACTGGGATAGC,0.010014306151645207,0.004291845493562232,0.006795422031473534,0.013233190271816882,0.03898426323319027,0.06688125894134478,0.07868383404864092,0.013233190271816882,0.018240343347639486,0.013948497854077254
3093-CC-flank_1=hp5-DB,-3.8,TGTCCCATGACTGGGATAG,,0.01023308698123934,0.018760659465605456,0.009096077316657191,0.0244457077885162,0.05230244457077885,0.07504263786242182,0.02046617396247868,0.03411028993746447,
3095-O-flank_1=hp5-DB,-3.5,TCCCATGACTGGGAT,,0.009959737232464506,0.015469379105742743,0.020343293070565798,0.03136257681712227,0.049364406779661016,0.06396949798771447,0.027748358398644354,,
3096-O-flank_1=hp5-DB,-2.4,CCCATGACTGGGA,,0.02058165548098434,0.02058165548098434,0.026845637583892617,0.03087248322147651,0.03220035778175313,0.07513416815742398,0.03309481216457961,,
3097-O-flank_1=hp5-DB,-0.6,CCATGACTGGG,,,0.032137118371719335,0.0664167113015533,0.03638309256286784,0.019261637239165328,0.06527554842161584,,,
3099-O-flank_1=hp5-DB,0.0,ATGACTG,,,,,0.049723756906077346,0.023756906077348067,0.056353591160221,,,
3098-O-flank_1=hp5-DB,0.0,CATGACTGG,,,,0.046251217137293084,0.04673807205452775,0.014605647517039922,0.055744888023369035,,,
