construct,deltaG,sequence,"(A,0)","(A,2)","(C,3)","(A,4)","(C,7)","(A,8)","(A,9)","(A,12)","(A,15)","(A,16)","(A,20)","(A,22)"
3126-O-flank_1=hp8-DB,-6.6,ATACATTCAAGGATGAATGTATA,0.02037617554858934,0.0109717868338558,0.007836990595611285,0.01018808777429467,0.004702194357366771,0.06661442006269593,0.0987460815047022,0.0438871473354232,0.009404388714733543,0.007836990595611285,0.012539184952978056,0.03683385579937304
3130-O-flank_1=hp8-DB,-5.1,ACATTCAAGGATGAATGTA,,0.03689523146536721,0.023668639053254437,0.024364775495997214,0.01809954751131222,0.07309432648799165,0.09467455621301775,0.035851026801253044,0.02854159415245388,0.016011138183083886,0.03863557257222416,
3131-O-flank_1=hp8-DB,-3.8,CATTCAAGGATGAATGT,,,0.04036326942482341,0.03800874537504204,0.030608812647157754,0.05011772620248907,0.0968392737054472,0.031932773109243695,0.03697478991596639,0.02991596638655462,,
3134-O-flank_1=hp8-DB,-0.3,TCAAGGATGAA,,,,,0.039534171008274596,0.04872816426601287,0.04474410052099295,0.03769537235672694,0.11860251302482379,0.053905053598774885,,
3136-O-flank_1=hp8-DB,0.0,AAGGATG,,,,,,0.05290322580645161,0.06537634408602151,0.03397849462365592,,,,
3137-O-flank_1=hp8-DB,0.0,AGGAT,,,,,,,0.06682206682206682,0.03232323232323232,,,,
