,mut_rates,base,cov_bases,paired
41,0.008445106805762544,C,1991.0,False
43,0.06855439642324888,C,1988.0,False
45,0.007948335817188276,C,1955.0,True
47,0.007451564828614009,A,1897.0,True
