construct,deltaG,sequence,"(C,0)","(A,2)","(C,6)","(C,7)","(C,9)","(A,11)","(C,15)","(C,16)","(C,18)","(C,20)"
3114-O-flank_1=hp7-DB,-6.7,CGAGGTCCGCGAGGGCCTCGC,0.007948335817188276,0.007451564828614009,0.007944389275074478,0.00893743793445879,0.09533267130089375,0.05955334987593052,0.00794044665012407,0.005955334987593052,0.009429280397022333,0.014392059553349877
3118-O-flank_1=hp7-DB,-3.2,AGGTCCGCGAGGGCCTC,,0.012181616832779624,0.006090808416389812,0.007198228128460687,0.09966777408637874,0.06312292358803986,0.009966777408637873,0.006644518272425249,0.014950166112956811,
3121-O-flank_1=hp7-DB,-0.2,TCCGCGAGGGC,,,0.02389803505045141,0.09453000531067446,0.05894848645778014,0.016994158258098777,0.004248539564524694,,,
3124-O-flank_1=hp7-DB,0.0,GCGAG,,,,,0.061208875286916604,0.020275439938791124,,,,
3125-O-flank_1=hp7-DB,0.0,CGA,,,,,0.06083821541234791,0.05452906714736368,,,,
3123-O-flank_1=hp7-DB,0.0,CGCGAGG,,,,0.14401772525849335,0.07108567208271788,0.022895125553914326,,,,
3122-O-flank_1=hp7-DB,0.0,CCGCGAGGG,,,0.05381330079316656,0.1391092129347163,0.06809029896278218,0.01549725442342892,,,,
