construct,deltaG,sequence,"(C,0)","(C,3)","(A,4)","(C,6)","(C,8)","(A,9)","(A,13)","(C,14)","(A,16)","(C,19)","(A,20)","(C,22)"
3186-CC-flank_1=hp13-DB,-7.9,CTGCATCGCAGTGACGATGCAGC,0.003969128996692392,0.003968253968253968,0.014326647564469915,0.006171478950848578,0.01631033722724267,0.11615605025347146,0.06391888913378885,0.006171478950848578,0.00969803835133348,0.0057306590257879654,0.014106237601939608,0.01013439083498568
3191-O-flank_1=hp13-DB,-1.4,ATCGCAGTGACGATG,,,0.030056577086280057,0.02263083451202263,0.021923620933521924,0.092998585572843,0.028995756718528994,0.028995756718528994,0.028642149929278642,,,
3192-O-flank_1=hp13-DB,-0.5,TCGCAGTGACGAT,,,,0.036036036036036036,0.03927927927927928,0.07963963963963964,0.03240907454087144,0.051494418437162404,0.05435565154787617,,,
3193-O-flank_1=hp13-DB,0.0,CGCAGTGACGA,,,,0.06792009400705053,0.03760282021151586,0.05781433607520564,0.02561692126909518,0.0554641598119859,0.06296992481203008,,,
3194-O-flank_1=hp13-DB,0.0,GCAGTGACG,,,,,0.04303210857332009,0.036411784177424696,0.05263157894736842,0.08606421714664018,,,,
3196-O-flank_1=hp13-DB,0.0,AGTGA,,,,,,0.0528344671201814,0.03877551020408163,,,,,
3195-O-flank_1=hp13-DB,0.0,CAGTGAC,,,,,0.05705474171164225,0.052428681572860444,0.023892100192678227,0.03699421965317919,,,,
